{"train/loss": 0.7278, "train/grad_norm": 38.509429931640625, "train/learning_rate": 7.884711026201585e-10, "train/rewards/chosen": 0.007624268531799316, "train/rewards/rejected": 0.0035907626152038574, "train/rewards/accuracies": 0.4906249940395355, "train/rewards/margins": 0.004033505916595459, "train/logps/rejected": -153.2061309814453, "train/logps/chosen": -154.20706176757812, "train/logits/rejected": -20.14334487915039, "train/logits/chosen": -20.131511688232422, "train/epoch": 0.9984, "train/num_input_tokens_seen": 9935296, "train/global_step": 156, "_timestamp": 1718975138.2560673, "_runtime": 2191.713445186615, "_step": 15, "train_runtime": 2205.7212, "train_samples_per_second": 4.534, "train_steps_per_second": 0.071, "total_flos": 1.187281925874647e+17, "train_loss": 0.7153759338916876, "_wandb": {"runtime": 2195}}